orden,ID_Casa,ID_Encuesta,DIR
99,3,,Calle presbitero Martinez 595
100,4,1130,Calle presbitero Martinez 1042
96,10,2078,Mateo Booz 1062
95,11,2079,Mateo Booz 1094
101,16,1072,Simon de Iriondo 525
51,20,1482,Calle presbitero Martinez 1091
48,21,2211,Lehmann 1064
53,26,2212,Lehmann 1064
49,28,221,Calle presbitero Martinez 1047
50,32,221,Av. Ignacio Crespo 674
52,41,1115,Calle presbitero Martinez 1069
98,51,1150,Simon de Iriondo 416
1,60,877,J. R. Aldao 400
5,61,876,J. R. Aldao 450
97,74,829,Simon de Iriondo 406
89,75,836,Menchaca 1147
91,78,837,Menchaca 1157
93,82,816,J. R. Aldao 437
92,84,838,Menchaca 1193
3,91,845,J. R. Aldao 458
2,92,875,Cafferatta 441
9,96,1026,Menchaca 1335
8,97,1027,Menchaca 1355
7,98,1040,Belgrano 465
10,99,1056,Menchaca 1313
6,101,1054,Mateo Booz 1344
60,105,440,Mateo Booz 1472
61,108,430,Mateo Booz 1420
58,113,495,Mateo Booz 1438
17,117,1187,Pje.  San Jose 1421
14,120,1188,Pje.  San Jose 1448
15,121,1189,Pje.  San Jose 1453
12,122,1177,Pje.  San Jose 1471
62,123,1178,
67,125,1158,Belgrano 404
64,129,1168,Belgrano 412
398,131,2271,Pje.  San Jose 1454
404,132,1504,Pje.  san jose 1446
74,133,479,Martin gemes 400
73,134,190,Menchaca 1555
76,137,1835,Estanislao Lopez
77,138,1831,
75,139,478,Martin gemes 490
144,142,456,Buenos Aires 345
143,143,,Jose Hernandez 1687
201,145,4522,Estanislao Lopez 318
141,148,473,Jose Hernandez 1661
142,149,472,Jose Hernandez 1687
194,160,5,Lehmann 1648
154,166,424,Estanislao Lopez 612
156,167,402,Lehmann 1526
155,168,419,Lehmann 1566
190,170,358,Mateo Booz 1096
193,171,366,Calle presbitero Martinez 1641
385,173,368,Estanislao Lopez 
399,175,379,Estanislao Lopez 714
401,176,381,Estanislao Lopez 704
386,177,385,Estanislao Lopez 
175,178,331,Buenos Aires 741
174,179,333,Buenos Aires 723
176,180,328,Buenos Aires 705
164,182,398,Lehmann 1635
173,184,334,Buenos Aires 715
177,186,332,Buenos Aires 731
166,187,322,Lehmann 1619
168,188,323,Lehmann 1667
380,190,305,Mitre 2345
379,191,340,Mitre 2315
111,195,283,Sta Fe 1654
376,198,264,Mitre 1700
117,200,294,Pje.  San Luis 1675
115,201,294,Alfonsina Storni 162
106,202,295,Estanislao Lopez 114
113,203,292,Sta Fe 1682
116,204,277,Mitre 1690
382,208,265,Mitre 1900
377,209,263,Mitre 1700
384,210,267,Mitre
108,212,2531,Alfonsina Storni 1527
119,213,7471,Estanislao Lopez 1089
118,215,7451,Alfonsina Storni 1571
120,216,7431,Alfonsina Storni 1531
362,218,735,J. D. y Clucellas 1540
365,219,739,J. D. y Clucellas 1568
366,220,733,J. D. y Clucellas 1526
191,226,1,Belgrano 1096
188,231,3,J. D. y Clucellas 1428
369,233,683,Martin gemes 1083
364,234,685,Martin gemes 1060
184,238,672,J. D. y Clucellas 1466
183,239,665,J. D. y Clucellas 1458
214,243,653,J. D. y Clucellas 1358
125,250,,Belgrano 1049
127,251,602,Belgrano 1065
217,253,,Alfonsina Storni 1381
126,256,629,Belgrano 1060
124,257,622,Belgrano 1029
129,260,599,Cafferatta 1045
372,265,572,Alfonsina Storni 1281
132,268,551,Cafferatta 1055
130,269,563,J. D. y Clucellas 1270
128,270,,J. D. y Clucellas 1240
207,273,553,J. R. Aldao 1068
131,276,542,J. D. y Clucellas 1256
367,277,534,Alfonsina Storni 1229
371,278,532,Alfonsina Storni 1293
137,286,501,Alfonsina Storni 1115
136,287,502,Alfonsina Storni 1135
133,288,504,Alfonsina Storni 1131
391,292,774,Pje. de Martino 1155
394,293,754,J. D. y Clucellas 1174
388,294,775,Pje. de Martino 1179
389,295,758,Pje. de Martino 1055
392,296,765,Pje. de Martino 1115
393,297,756,J. D. y Clucellas 1124
163,298,1250,J. D. y Clucellas 1124
160,301,1234,J. R. Aldao 1089
157,304,1220,Alfonsina Storni 1019
158,307,986,Alfonsina Storni 1031
159,308,990,Alfonsina Storni 1043
138,316,962,Av. Ignacio Crespo 1032
140,317,973,Av. Ignacio Crespo 1002
242,320,1675,Sta Fe 1556
243,326,1686,
169,353,2844,Lehmann 
186,502,2760,Cafferatta 750
185,504,2772,Lehmann 1329
368,510,2784,Belgrano 747
374,511,2783,Belgrano 725
375,512,2782,
123,513,2791,Sta Fe 1370
121,514,2794,Sta Fe 1390
122,515,2798,Sta Fe 1370
150,517,2836,Lehmann 1241
149,518,2834,Lehmann 1241
153,519,2811,J. R. Aldao 740
152,521,281,J. R. Aldao 700
147,526,2831,Cafferatta 756
145,527,2832,
199,538,284,Lehmann 1272
172,540,2841,Calle presbitero Martinez
200,541,2905,Lehmann 1272
196,543,2862,J. R. Aldao 692
198,544,2913,J. R. Aldao 666
266,546,2897,Mitre 1174
170,550,2842,Calle presbitero Martinez 1275
171,551,2843,Calle presbitero Martinez 1285
215,553,2939,Calle presbitero Martinez 1339
216,558,2938,Calle presbitero Martinez 1337
281,567,1913,Sta Fe
324,571,1899,Belgrano y Sta Fe
325,574,1898,Belgrano 790
213,576,2946,Calle presbitero Martinez
210,579,1766,Belgrano 609
209,580,1765,Belgrano 624
212,585,1739,Calle presbitero Martinez 1445
208,588,2985,Belgrano 634
211,590,2993,Belgrano 674
272,592,1793,Lehmann 1923
271,594,1798,Sta Fe 1464
279,595,1778,Lehmann 1471
268,598,1779,Sta Fe 1492
354,601,1943,Sta Fe 1414
265,603,1929,Martin gemes 717
357,607,1921,Sta Fe 1442
360,608,1924,Sta Fe 1414
278,611,1990,Belgrano 8086
275,614,2000,Sta Fe 1473
258,616,1955,Sta Fe 1435
63,618,1179,
273,619,1965,Martin gemes 802
276,622,1972,Sta Fe 1415
263,630,2515,Mitre 1164
267,631,1872,Mitre 1184
255,634,1878,Sta Fe 1129
257,637,1855,Sta Fe 1101
256,638,1856,
260,640,1845,
403,646,2272,Pje.  San Jose 1472
251,647,1839,
254,648,1838,J. R. Aldao 861
347,654,2653,Sta Fe 1535
331,655,2527,
327,658,2646,J. R. Aldao 775
328,667,2523,Simon de Iriondo 747
329,668,2639,Lehmann 1145
332,670,2508,Sta Fe 1146
330,671,2511,Sta Fe
293,676,2710,J. R. Aldao 305
285,677,2711,J. R. Aldao 677
339,682,2553,Simon de Iriondo 688
349,692,2666,lehmann 1180
359,693,2668,Lehmann 1156
352,694,2669,lehmann 1190
302,696,2656,Calle presbitero Martinez 1163
307,702,,Simon de Iriondo 516
313,703,,Simon de Iriondo 594
309,705,2579,Mateo Booz 1165
303,706,2583,Mateo Booz 1115
308,707,2585,Mateo Booz 1191
286,708,2609,J. R. Aldao 543
283,717,2741,J. R. Aldao 567
284,720,2730,Calle presbitero Martinez 1166
288,724,,Simon de Iriondo 566
252,726,2307,J. R. Aldao 516
65,727,1170,
395,729,1197,Pje.  San Jose 1462
396,730,1200,Pje.  San Jose 1422
397,731,1199,Pje.  San Jose 1480
289,738,2616,J. R. Aldao 570
291,739,2253,J. R. Aldao 594
290,740,2254,J. R. Aldao 582
274,742,150,
277,743,230,Calle presbitero Martinez 1258
296,746,2280,Mateo Booz 1395
298,748,1542,Calle presbitero Martinez 1390
315,752,1515,Mateo Booz 1365
311,753,1528,Mateo Booz 1345
300,757,2334,Belgrano 
218,762,2324,Cafferatta 
333,763,2319,Calle presbitero Martinez 
326,764,2320,Calle presbitero Martinez 596
294,770,2352,Martin gemes 535
287,776,,Calle presbitero Martinez 1476
295,778,1552,Belgrano 544
306,779,1561,Mateo Booz 1485
319,781,1557,Mateo Booz 1487
314,783,,Mateo Booz 1437
356,784,1600,Calle presbitero Martinez 1526
351,786,1589,Mateo Booz 1585
405,787,1609,Calle presbitero Martinez 1548
361,793,2294,Mateo Booz 1585
338,796,1641,Estanislao Lopez 607
336,799,1665,Calle presbitero Martinez 1575
323,802,1663,Martin gemes 638
318,803,1661,lehmann 1556
321,804,1662,Martin gemes 678
322,805,2404,Martin gemes 650
317,812,1664,lehmann 1576
244,814,1685,
248,817,1717,
240,821,1711,Sta Fe 1560
241,822,1689,Lehmann 1545
249,823,1705,
250,824,1707,
246,827,1682,
245,828,691,
247,831,,Martin gemes 702
348,835,1725,Sta Fe 1537
346,838,1732,Martin gemes 820
342,841,1748,Mitre 1548
345,842,1747,Mitre 1506
341,843,2651,Mitre 1576
162,844,1626,J. D. y Clucellas 1156
161,845,1244,J. D. y Clucellas 1178
269,847,1271,Martin gemes 942
264,848,,Mitre 1517
262,849,1273,Mitre 1585
232,850,1268,Estanislao Lopez 955
230,851,1270,Estanislao Lopez 975
231,852,1269,Estanislao Lopez 985
225,853,1639,Estanislao Lopez 925
228,854,1260,Estanislao Lopez 965
227,855,1261,Estanislao Lopez 955
343,861,2481,Martin gemes 900
335,868,,Alfonsina Storni 1560
340,869,2451,Alfonsina Storni 1552
334,872,2442,Alfonsina Storni 1555
224,874,1302,Mitre 1473
220,875,1305,Pje. 4 de Diciembre 1492
219,876,1303,Martin gemes 909
79,877,1307,Simon de Iriondo 711
80,878,1308,Simon de Iriondo 763
223,880,2190,Mitre 1413
222,882,1304,Mitre 1423
237,883,1296,Pje. 4 de Diciembre 1432
239,884,1295,Pje. 4 de Diciembre 1412
238,885,1297,Pje. 4 de Diciembre 1422
234,886,2163,Pje. 4 de Diciembre 1452
236,887,2165,Pje. 4 de Diciembre 1472
20,889,2223,Alfonsina Storni 1412
21,890,1363,Alfonsina Storni 1456
71,892,2234,Pje. 4 de Diciembre 1493
18,895,2229,Alfonsina Storni 1466
23,896,1364,Alfonsina Storni 1511
72,898,2233,Pje. 4 de Diciembre 1433
25,903,1345,Alfonsina Storni 1480
24,904,1344,Pje. 4 de Diciembre 1413
27,905,1343,Pje. 4 de Diciembre 1483
47,910,1294,Simon de Iriondo 920
70,914,2200,Mitre 1101
69,915,1293,Simon de Iriondo 996
46,916,2198,Simon de Iriondo 944
45,918,1315,Simon de Iriondo 968
41,925,1284,Mitre 1162
31,928,1394,Alfonsina Storni 1058
39,931,1400,Simon de Iriondo 967
33,934,1499,Alfonsina Storni 1038
28,936,1411,Alfonsina Storni 1066
104,937,1430,Mitre 1063
38,940,1462,Simon de Iriondo 955
103,943,1434,Mitre 1081
42,944,1436,Mitre 1075
54,949,1454,Av. Ignacio Crespo 982
82,955,2148,Av. Ignacio Crespo 870
81,958,2138,Av. Ignacio Crespo 832
84,964,2118,Mitre 1044
83,965,2127,Mitre 1062
35,967,1479,Simon de Iriondo 855
36,969,1475,Av. Ignacio Crespo 870
30,970,1470,Sta Fe 1055
37,971,1476,Av. Ignacio Crespo 870
86,997,2067,Av. Ignacio Crespo 724
88,1000,2054,Sta Fe 1092
56,1008,2097,Mateo Booz 1008
195,1048,,J. D. y Clucellas 1048
110,1085,746,Estanislao Lopez 1055
57,1116,481,
182,2923,562,Lehmann 1366
178,2977,56,Lehmann 1356
179,2980,299,Lehmann 
180,2982,556,Lehmann 1388
181,2983,555,Lehmann 1366
292,,1565,J. R. Aldao 538
